Model,F1,IoU,Error_Area_m2
Hybrid-v11-SAM,0.6303717673464425,0.697265625,1281.2734840954745
YOLOv11-ablation,0.6093262453976119,0.7418375,624.9162614471838
